,Male(Individuals Vaccinated),Male(Individuals Vaccinated),Male(Individuals Vaccinated),Male(Individuals Vaccinated),Male(Individuals Vaccinated),Male(Individuals Vaccinated),Male(Individuals Vaccinated),Male(Individuals Vaccinated),Male(Individuals Vaccinated),Male(Individuals Vaccinated),Male(Individuals Vaccinated),Male(Individuals Vaccinated),Male(Individuals Vaccinated),Male(Individuals Vaccinated),Male(Individuals Vaccinated),Male(Individuals Vaccinated),Male(Individuals Vaccinated),Male(Individuals Vaccinated),Male(Individuals Vaccinated),Male(Individuals Vaccinated),Male(Individuals Vaccinated),Male(Individuals Vaccinated),Male(Individuals Vaccinated),Male(Individuals Vaccinated),Male(Individuals Vaccinated),Male(Individuals Vaccinated),Male(Individuals Vaccinated),Male(Individuals Vaccinated),Male(Individuals Vaccinated),Male(Individuals Vaccinated),Male(Individuals Vaccinated),Male(Individuals Vaccinated),Male(Individuals Vaccinated),Male(Individuals Vaccinated),Male(Individuals Vaccinated),Male(Individuals Vaccinated),Male(Individuals Vaccinated),Female(Individuals Vaccinated),Female(Individuals Vaccinated),Female(Individuals Vaccinated),Female(Individuals Vaccinated),Female(Individuals Vaccinated),Female(Individuals Vaccinated),Female(Individuals Vaccinated),Female(Individuals Vaccinated),Female(Individuals Vaccinated),Female(Individuals Vaccinated),Female(Individuals Vaccinated),Female(Individuals Vaccinated),Female(Individuals Vaccinated),Female(Individuals Vaccinated),Female(Individuals Vaccinated),Female(Individuals Vaccinated),Female(Individuals Vaccinated),Female(Individuals Vaccinated),Female(Individuals Vaccinated),Female(Individuals Vaccinated),Female(Individuals Vaccinated),Female(Individuals Vaccinated),Female(Individuals Vaccinated),Female(Individuals Vaccinated),Female(Individuals Vaccinated),Female(Individuals Vaccinated),Female(Individuals Vaccinated),Female(Individuals Vaccinated),Female(Individuals Vaccinated),Female(Individuals Vaccinated),Female(Individuals Vaccinated),Female(Individuals Vaccinated),Female(Individuals Vaccinated),Female(Individuals Vaccinated),Female(Individuals Vaccinated),Female(Individuals Vaccinated),Female(Individuals Vaccinated),Transgender(Individuals Vaccinated),Transgender(Individuals Vaccinated),Transgender(Individuals Vaccinated),Transgender(Individuals Vaccinated),Transgender(Individuals Vaccinated),Transgender(Individuals Vaccinated),Transgender(Individuals Vaccinated),Transgender(Individuals Vaccinated),Transgender(Individuals Vaccinated),Transgender(Individuals Vaccinated),Transgender(Individuals Vaccinated),Transgender(Individuals Vaccinated),Transgender(Individuals Vaccinated),Transgender(Individuals Vaccinated),Transgender(Individuals Vaccinated),Transgender(Individuals Vaccinated),Transgender(Individuals Vaccinated),Transgender(Individuals Vaccinated),Transgender(Individuals Vaccinated),Transgender(Individuals Vaccinated),Transgender(Individuals Vaccinated),Transgender(Individuals Vaccinated),Transgender(Individuals Vaccinated),Transgender(Individuals Vaccinated),Transgender(Individuals Vaccinated),Transgender(Individuals Vaccinated),Transgender(Individuals Vaccinated),Transgender(Individuals Vaccinated),Transgender(Individuals Vaccinated),Transgender(Individuals Vaccinated),Transgender(Individuals Vaccinated),Transgender(Individuals Vaccinated),Transgender(Individuals Vaccinated),Transgender(Individuals Vaccinated),Transgender(Individuals Vaccinated),Transgender(Individuals Vaccinated),Transgender(Individuals Vaccinated)
State,Andaman and Nicobar Islands,Andhra Pradesh,Arunachal Pradesh,Assam,Bihar,Chandigarh,Chhattisgarh,Dadra and Nagar Haveli and Daman and Diu,Delhi,Goa,Gujarat,Haryana,Himachal Pradesh,India,Jammu and Kashmir,Jharkhand,Karnataka,Kerala,Ladakh,Lakshadweep,Madhya Pradesh,Maharashtra,Manipur,Meghalaya,Mizoram,Nagaland,Odisha,Puducherry,Punjab,Rajasthan,Sikkim,Tamil Nadu,Telangana,Tripura,Uttar Pradesh,Uttarakhand,West Bengal,Andaman and Nicobar Islands,Andhra Pradesh,Arunachal Pradesh,Assam,Bihar,Chandigarh,Chhattisgarh,Dadra and Nagar Haveli and Daman and Diu,Delhi,Goa,Gujarat,Haryana,Himachal Pradesh,India,Jammu and Kashmir,Jharkhand,Karnataka,Kerala,Ladakh,Lakshadweep,Madhya Pradesh,Maharashtra,Manipur,Meghalaya,Mizoram,Nagaland,Odisha,Puducherry,Punjab,Rajasthan,Sikkim,Tamil Nadu,Telangana,Tripura,Uttar Pradesh,Uttarakhand,West Bengal,Andaman and Nicobar Islands,Andhra Pradesh,Arunachal Pradesh,Assam,Bihar,Chandigarh,Chhattisgarh,Dadra and Nagar Haveli and Daman and Diu,Delhi,Goa,Gujarat,Haryana,Himachal Pradesh,India,Jammu and Kashmir,Jharkhand,Karnataka,Kerala,Ladakh,Lakshadweep,Madhya Pradesh,Maharashtra,Manipur,Meghalaya,Mizoram,Nagaland,Odisha,Puducherry,Punjab,Rajasthan,Sikkim,Tamil Nadu,Telangana,Tripura,Uttar Pradesh,Uttarakhand,West Bengal
Updated On,,,,,,,,,,,,,,,,,,,,,,,,,,,,,,,,,,,,,,,,,,,,,,,,,,,,,,,,,,,,,,,,,,,,,,,,,,,,,,,,,,,,,,,,,,,,,,,,,,,,,,,,,,,,,,,
01/02/2021,,,,,,,,,,,,,,1152344.0,,,,,,,,,,,,,,,,,,,,,,,,,,,,,,,,,,,,,2197431.0,,,,,,,,,,,,,,,,,,,,,,,,,,,,,,,,,,,,,490.0,,,,,,,,,,,,,,,,,,,,,,,
01/03/2021,,,,,,,,,,,,,,6008960.0,,,,,,,,,,,,,,,,,,,,,,,,,,,,,,,,,,,,,5131373.0,,,,,,,,,,,,,,,,,,,,,,,,,,,,,,,,,,,,,1318.0,,,,,,,,,,,,,,,,,,,,,,,
01/04/2021,,,,,,,,,,,,,,30321468.0,,,,,,,,,,,,,,,,,,,,,,,,,,,,,,,,,,,,,27115615.0,,,,,,,,,,,,,,,,,,,,,,,,,,,,,,,,,,,,,6383.0,,,,,,,,,,,,,,,,,,,,,,,
01/05/2021,,,,,,,,,,,,,,65972485.0,,,,,,,,,,,,,,,,,,,,,,,,,,,,,,,,,,,,,60339903.0,,,,,,,,,,,,,,,,,,,,,,,,,,,,,,,,,,,,,16582.0,,,,,,,,,,,,,,,,,,,,,,,
01/06/2021,,,,,,,,,,,,,,91381749.0,,,,,,,,,,,,,,,,,,,,,,,,,,,,,,,,,,,,,79231870.0,,,,,,,,,,,,,,,,,,,,,,,,,,,,,,,,,,,,,26793.0,,,,,,,,,,,,,,,,,,,,,,,
01/07/2021,,,,,,,,,,,,,,,,,,,,,,,,,,,,,,,,,,,,,,,,,,,,,,,,,,,,,,,,,,,,,,,,,,,,,,,,,,,,,,,,,,,,,,,,,,,,,,,,,,,,,,,,,,,,,,,
01/08/2021,,,,,,,,,,,,,,,,,,,,,,,,,,,,,,,,,,,,,,,,,,,,,,,,,,,,,,,,,,,,,,,,,,,,,,,,,,,,,,,,,,,,,,,,,,,,,,,,,,,,,,,,,,,,,,,
02/02/2021,,,,,,,,,,,,,,1218507.0,,,,,,,,,,,,,,,,,,,,,,,,,,,,,,,,,,,,,2308898.0,,,,,,,,,,,,,,,,,,,,,,,,,,,,,,,,,,,,,566.0,,,,,,,,,,,,,,,,,,,,,,,
02/03/2021,,,,,,,,,,,,,,6462436.0,,,,,,,,,,,,,,,,,,,,,,,,,,,,,,,,,,,,,5422470.0,,,,,,,,,,,,,,,,,,,,,,,,,,,,,,,,,,,,,1414.0,,,,,,,,,,,,,,,,,,,,,,,
02/04/2021,,,,,,,,,,,,,,32126426.0,,,,,,,,,,,,,,,,,,,,,,,,,,,,,,,,,,,,,28803529.0,,,,,,,,,,,,,,,,,,,,,,,,,,,,,,,,,,,,,6798.0,,,,,,,,,,,,,,,,,,,,,,,
02/05/2021,,,,,,,,,,,,,,66183753.0,,,,,,,,,,,,,,,,,,,,,,,,,,,,,,,,,,,,,60503747.0,,,,,,,,,,,,,,,,,,,,,,,,,,,,,,,,,,,,,16651.0,,,,,,,,,,,,,,,,,,,,,,,
02/06/2021,,,,,,,,,,,,,,92705952.0,,,,,,,,,,,,,,,,,,,,,,,,,,,,,,,,,,,,,80212651.0,,,,,,,,,,,,,,,,,,,,,,,,,,,,,,,,,,,,,27347.0,,,,,,,,,,,,,,,,,,,,,,,
02/07/2021,,,,,,,,,,,,,,,,,,,,,,,,,,,,,,,,,,,,,,,,,,,,,,,,,,,,,,,,,,,,,,,,,,,,,,,,,,,,,,,,,,,,,,,,,,,,,,,,,,,,,,,,,,,,,,,
02/08/2021,,,,,,,,,,,,,,,,,,,,,,,,,,,,,,,,,,,,,,,,,,,,,,,,,,,,,,,,,,,,,,,,,,,,,,,,,,,,,,,,,,,,,,,,,,,,,,,,,,,,,,,,,,,,,,,
03/02/2021,,,,,,,,,,,,,,1324273.0,,,,,,,,,,,,,,,,,,,,,,,,,,,,,,,,,,,,,2500887.0,,,,,,,,,,,,,,,,,,,,,,,,,,,,,,,,,,,,,675.0,,,,,,,,,,,,,,,,,,,,,,,
03/03/2021,,,,,,,,,,,,,,6859318.0,,,,,,,,,,,,,,,,,,,,,,,,,,,,,,,,,,,,,5692550.0,,,,,,,,,,,,,,,,,,,,,,,,,,,,,,,,,,,,,1458.0,,,,,,,,,,,,,,,,,,,,,,,
03/04/2021,,,,,,,,,,,,,,33577406.0,,,,,,,,,,,,,,,,,,,,,,,,,,,,,,,,,,,,,30159173.0,,,,,,,,,,,,,,,,,,,,,,,,,,,,,,,,,,,,,7121.0,,,,,,,,,,,,,,,,,,,,,,,
03/05/2021,,,,,,,,,,,,,,66737774.0,,,,,,,,,,,,,,,,,,,,,,,,,,,,,,,,,,,,,60942039.0,,,,,,,,,,,,,,,,,,,,,,,,,,,,,,,,,,,,,16862.0,,,,,,,,,,,,,,,,,,,,,,,
03/06/2021,,,,,,,,,,,,,,94288015.0,,,,,,,,,,,,,,,,,,,,,,,,,,,,,,,,,,,,,81361633.0,,,,,,,,,,,,,,,,,,,,,,,,,,,,,,,,,,,,,27986.0,,,,,,,,,,,,,,,,,,,,,,,
03/07/2021,,,,,,,,,,,,,,,,,,,,,,,,,,,,,,,,,,,,,,,,,,,,,,,,,,,,,,,,,,,,,,,,,,,,,,,,,,,,,,,,,,,,,,,,,,,,,,,,,,,,,,,,,,,,,,,
03/08/2021,,,,,,,,,,,,,,,,,,,,,,,,,,,,,,,,,,,,,,,,,,,,,,,,,,,,,,,,,,,,,,,,,,,,,,,,,,,,,,,,,,,,,,,,,,,,,,,,,,,,,,,,,,,,,,,
04/02/2021,,,,,,,,,,,,,,1504527.0,,,,,,,,,,,,,,,,,,,,,,,,,,,,,,,,,,,,,2809042.0,,,,,,,,,,,,,,,,,,,,,,,,,,,,,,,,,,,,,735.0,,,,,,,,,,,,,,,,,,,,,,,
04/03/2021,,,,,,,,,,,,,,7346850.0,,,,,,,,,,,,,,,,,,,,,,,,,,,,,,,,,,,,,6045211.0,,,,,,,,,,,,,,,,,,,,,,,,,,,,,,,,,,,,,1477.0,,,,,,,,,,,,,,,,,,,,,,,
04/04/2021,,,,,,,,,,,,,,35165269.0,,,,,,,,,,,,,,,,,,,,,,,,,,,,,,,,,,,,,31665721.0,,,,,,,,,,,,,,,,,,,,,,,,,,,,,,,,,,,,,7514.0,,,,,,,,,,,,,,,,,,,,,,,
04/05/2021,,,,,,,,,,,,,,67265833.0,,,,,,,,,,,,,,,,,,,,,,,,,,,,,,,,,,,,,61344881.0,,,,,,,,,,,,,,,,,,,,,,,,,,,,,,,,,,,,,17205.0,,,,,,,,,,,,,,,,,,,,,,,
04/06/2021,,,,,,,,,,,,,,96289872.0,,,,,,,,,,,,,,,,,,,,,,,,,,,,,,,,,,,,,82885972.0,,,,,,,,,,,,,,,,,,,,,,,,,,,,,,,,,,,,,29493.0,,,,,,,,,,,,,,,,,,,,,,,
04/07/2021,,,,,,,,,,,,,,,,,,,,,,,,,,,,,,,,,,,,,,,,,,,,,,,,,,,,,,,,,,,,,,,,,,,,,,,,,,,,,,,,,,,,,,,,,,,,,,,,,,,,,,,,,,,,,,,
04/08/2021,,,,,,,,,,,,,,,,,,,,,,,,,,,,,,,,,,,,,,,,,,,,,,,,,,,,,,,,,,,,,,,,,,,,,,,,,,,,,,,,,,,,,,,,,,,,,,,,,,,,,,,,,,,,,,,
05/02/2021,,,,,,,,,,,,,,1710466.0,,,,,,,,,,,,,,,,,,,,,,,,,,,,,,,,,,,,,3054631.0,,,,,,,,,,,,,,,,,,,,,,,,,,,,,,,,,,,,,827.0,,,,,,,,,,,,,,,,,,,,,,,
05/03/2021,,,,,,,,,,,,,,7924084.0,,,,,,,,,,,,,,,,,,,,,,,,,,,,,,,,,,,,,6490255.0,,,,,,,,,,,,,,,,,,,,,,,,,,,,,,,,,,,,,1573.0,,,,,,,,,,,,,,,,,,,,,,,
05/04/2021,,,,,,,,,,,,,,36559511.0,,,,,,,,,,,,,,,,,,,,,,,,,,,,,,,,,,,,,33052869.0,,,,,,,,,,,,,,,,,,,,,,,,,,,,,,,,,,,,,7854.0,,,,,,,,,,,,,,,,,,,,,,,
05/05/2021,,,,,,,,,,,,,,67881167.0,,,,,,,,,,,,,,,,,,,,,,,,,,,,,,,,,,,,,61832097.0,,,,,,,,,,,,,,,,,,,,,,,,,,,,,,,,,,,,,17377.0,,,,,,,,,,,,,,,,,,,,,,,
05/06/2021,,,,,,,,,,,,,,98143570.0,,,,,,,,,,,,,,,,,,,,,,,,,,,,,,,,,,,,,84277549.0,,,,,,,,,,,,,,,,,,,,,,,,,,,,,,,,,,,,,30229.0,,,,,,,,,,,,,,,,,,,,,,,
05/07/2021,,,,,,,,,,,,,,,,,,,,,,,,,,,,,,,,,,,,,,,,,,,,,,,,,,,,,,,,,,,,,,,,,,,,,,,,,,,,,,,,,,,,,,,,,,,,,,,,,,,,,,,,,,,,,,,
05/08/2021,,,,,,,,,,,,,,,,,,,,,,,,,,,,,,,,,,,,,,,,,,,,,,,,,,,,,,,,,,,,,,,,,,,,,,,,,,,,,,,,,,,,,,,,,,,,,,,,,,,,,,,,,,,,,,,
06/02/2021,,,,,,,,,,,,,,1896705.0,,,,,,,,,,,,,,,,,,,,,,,,,,,,,,,,,,,,,3214244.0,,,,,,,,,,,,,,,,,,,,,,,,,,,,,,,,,,,,,878.0,,,,,,,,,,,,,,,,,,,,,,,
06/03/2021,,,,,,,,,,,,,,8488627.0,,,,,,,,,,,,,,,,,,,,,,,,,,,,,,,,,,,,,6948195.0,,,,,,,,,,,,,,,,,,,,,,,,,,,,,,,,,,,,,1673.0,,,,,,,,,,,,,,,,,,,,,,,
06/04/2021,,,,,,,,,,,,,,37772299.0,,,,,,,,,,,,,,,,,,,,,,,,,,,,,,,,,,,,,34255180.0,,,,,,,,,,,,,,,,,,,,,,,,,,,,,,,,,,,,,8161.0,,,,,,,,,,,,,,,,,,,,,,,
06/05/2021,,,,,,,,,,,,,,68616643.0,,,,,,,,,,,,,,,,,,,,,,,,,,,,,,,,,,,,,62424602.0,,,,,,,,,,,,,,,,,,,,,,,,,,,,,,,,,,,,,17645.0,,,,,,,,,,,,,,,,,,,,,,,
06/06/2021,,,,,,,,,,,,,,98907905.0,,,,,,,,,,,,,,,,,,,,,,,,,,,,,,,,,,,,,84886553.0,,,,,,,,,,,,,,,,,,,,,,,,,,,,,,,,,,,,,30500.0,,,,,,,,,,,,,,,,,,,,,,,
06/07/2021,,,,,,,,,,,,,,,,,,,,,,,,,,,,,,,,,,,,,,,,,,,,,,,,,,,,,,,,,,,,,,,,,,,,,,,,,,,,,,,,,,,,,,,,,,,,,,,,,,,,,,,,,,,,,,,
06/08/2021,,,,,,,,,,,,,,,,,,,,,,,,,,,,,,,,,,,,,,,,,,,,,,,,,,,,,,,,,,,,,,,,,,,,,,,,,,,,,,,,,,,,,,,,,,,,,,,,,,,,,,,,,,,,,,,
07/02/2021,,,,,,,,,,,,,,1928947.0,,,,,,,,,,,,,,,,,,,,,,,,,,,,,,,,,,,,,3238273.0,,,,,,,,,,,,,,,,,,,,,,,,,,,,,,,,,,,,,879.0,,,,,,,,,,,,,,,,,,,,,,,
07/03/2021,,,,,,,,,,,,,,8545982.0,,,,,,,,,,,,,,,,,,,,,,,,,,,,,,,,,,,,,6993867.0,,,,,,,,,,,,,,,,,,,,,,,,,,,,,,,,,,,,,1680.0,,,,,,,,,,,,,,,,,,,,,,,
07/04/2021,,,,,,,,,,,,,,40110598.0,,,,,,,,,,,,,,,,,,,,,,,,,,,,,,,,,,,,,36552499.0,,,,,,,,,,,,,,,,,,,,,,,,,,,,,,,,,,,,,8715.0,,,,,,,,,,,,,,,,,,,,,,,
07/05/2021,,,,,,,,,,,,,,69304346.0,,,,,,,,,,,,,,,,,,,,,,,,,,,,,,,,,,,,,62972623.0,,,,,,,,,,,,,,,,,,,,,,,,,,,,,,,,,,,,,17858.0,,,,,,,,,,,,,,,,,,,,,,,
07/06/2021,,,,,,,,,,,,,,100656406.0,,,,,,,,,,,,,,,,,,,,,,,,,,,,,,,,,,,,,86246094.0,,,,,,,,,,,,,,,,,,,,,,,,,,,,,,,,,,,,,31271.0,,,,,,,,,,,,,,,,,,,,,,,
07/07/2021,,,,,,,,,,,,,,,,,,,,,,,,,,,,,,,,,,,,,,,,,,,,,,,,,,,,,,,,,,,,,,,,,,,,,,,,,,,,,,,,,,,,,,,,,,,,,,,,,,,,,,,,,,,,,,,
07/08/2021,,,,,,,,,,,,,,,,,,,,,,,,,,,,,,,,,,,,,,,,,,,,,,,,,,,,,,,,,,,,,,,,,,,,,,,,,,,,,,,,,,,,,,,,,,,,,,,,,,,,,,,,,,,,,,,
08/02/2021,,,,,,,,,,,,,,2211020.0,,,,,,,,,,,,,,,,,,,,,,,,,,,,,,,,,,,,,3403576.0,,,,,,,,,,,,,,,,,,,,,,,,,,,,,,,,,,,,,903.0,,,,,,,,,,,,,,,,,,,,,,,
08/03/2021,,,,,,,,,,,,,,9298005.0,,,,,,,,,,,,,,,,,,,,,,,,,,,,,,,,,,,,,7676312.0,,,,,,,,,,,,,,,,,,,,,,,,,,,,,,,,,,,,,1821.0,,,,,,,,,,,,,,,,,,,,,,,
08/04/2021,,,,,,,,,,,,,,42273620.0,,,,,,,,,,,,,,,,,,,,,,,,,,,,,,,,,,,,,38715200.0,,,,,,,,,,,,,,,,,,,,,,,,,,,,,,,,,,,,,9279.0,,,,,,,,,,,,,,,,,,,,,,,
08/05/2021,,,,,,,,,,,,,,69899266.0,,,,,,,,,,,,,,,,,,,,,,,,,,,,,,,,,,,,,63449164.0,,,,,,,,,,,,,,,,,,,,,,,,,,,,,,,,,,,,,18052.0,,,,,,,,,,,,,,,,,,,,,,,
08/06/2021,,,,,,,,,,,,,,102100803.0,,,,,,,,,,,,,,,,,,,,,,,,,,,,,,,,,,,,,87370490.0,,,,,,,,,,,,,,,,,,,,,,,,,,,,,,,,,,,,,31833.0,,,,,,,,,,,,,,,,,,,,,,,
08/07/2021,,,,,,,,,,,,,,,,,,,,,,,,,,,,,,,,,,,,,,,,,,,,,,,,,,,,,,,,,,,,,,,,,,,,,,,,,,,,,,,,,,,,,,,,,,,,,,,,,,,,,,,,,,,,,,,
08/08/2021,,,,,,,,,,,,,,,,,,,,,,,,,,,,,,,,,,,,,,,,,,,,,,,,,,,,,,,,,,,,,,,,,,,,,,,,,,,,,,,,,,,,,,,,,,,,,,,,,,,,,,,,,,,,,,,
09/02/2021,,,,,,,,,,,,,,2458329.0,,,,,,,,,,,,,,,,,,,,,,,,,,,,,,,,,,,,,3543208.0,,,,,,,,,,,,,,,,,,,,,,,,,,,,,,,,,,,,,937.0,,,,,,,,,,,,,,,,,,,,,,,
09/03/2021,,,,,,,,,,,,,,10044921.0,,,,,,,,,,,,,,,,,,,,,,,,,,,,,,,,,,,,,8313353.0,,,,,,,,,,,,,,,,,,,,,,,,,,,,,,,,,,,,,1967.0,,,,,,,,,,,,,,,,,,,,,,,
09/04/2021,,,,,,,,,,,,,,43929844.0,,,,,,,,,,,,,,,,,,,,,,,,,,,,,,,,,,,,,40357259.0,,,,,,,,,,,,,,,,,,,,,,,,,,,,,,,,,,,,,9744.0,,,,,,,,,,,,,,,,,,,,,,,
09/05/2021,,,,,,,,,,,,,,70186220.0,,,,,,,,,,,,,,,,,,,,,,,,,,,,,,,,,,,,,63650307.0,,,,,,,,,,,,,,,,,,,,,,,,,,,,,,,,,,,,,18149.0,,,,,,,,,,,,,,,,,,,,,,,
09/06/2021,,,,,,,,,,,,,,103888483.0,,,,,,,,,,,,,,,,,,,,,,,,,,,,,,,,,,,,,88748112.0,,,,,,,,,,,,,,,,,,,,,,,,,,,,,,,,,,,,,32704.0,,,,,,,,,,,,,,,,,,,,,,,
09/07/2021,,,,,,,,,,,,,,,,,,,,,,,,,,,,,,,,,,,,,,,,,,,,,,,,,,,,,,,,,,,,,,,,,,,,,,,,,,,,,,,,,,,,,,,,,,,,,,,,,,,,,,,,,,,,,,,
09/08/2021,,,,,,,,,,,,,,,,,,,,,,,,,,,,,,,,,,,,,,,,,,,,,,,,,,,,,,,,,,,,,,,,,,,,,,,,,,,,,,,,,,,,,,,,,,,,,,,,,,,,,,,,,,,,,,,
10/02/2021,,,,,,,,,,,,,,2785194.0,,,,,,,,,,,,,,,,,,,,,,,,,,,,,,,,,,,,,3676114.0,,,,,,,,,,,,,,,,,,,,,,,,,,,,,,,,,,,,,962.0,,,,,,,,,,,,,,,,,,,,,,,
10/03/2021,,,,,,,,,,,,,,10707385.0,,,,,,,,,,,,,,,,,,,,,,,,,,,,,,,,,,,,,8829091.0,,,,,,,,,,,,,,,,,,,,,,,,,,,,,,,,,,,,,2069.0,,,,,,,,,,,,,,,,,,,,,,,
10/04/2021,,,,,,,,,,,,,,45508111.0,,,,,,,,,,,,,,,,,,,,,,,,,,,,,,,,,,,,,41893575.0,,,,,,,,,,,,,,,,,,,,,,,,,,,,,,,,,,,,,10186.0,,,,,,,,,,,,,,,,,,,,,,,
10/05/2021,,,,,,,,,,,,,,70948079.0,,,,,,,,,,,,,,,,,,,,,,,,,,,,,,,,,,,,,64225501.0,,,,,,,,,,,,,,,,,,,,,,,,,,,,,,,,,,,,,18433.0,,,,,,,,,,,,,,,,,,,,,,,
10/06/2021,,,,,,,,,,,,,,105607170.0,,,,,,,,,,,,,,,,,,,,,,,,,,,,,,,,,,,,,90106724.0,,,,,,,,,,,,,,,,,,,,,,,,,,,,,,,,,,,,,33582.0,,,,,,,,,,,,,,,,,,,,,,,
10/07/2021,,,,,,,,,,,,,,,,,,,,,,,,,,,,,,,,,,,,,,,,,,,,,,,,,,,,,,,,,,,,,,,,,,,,,,,,,,,,,,,,,,,,,,,,,,,,,,,,,,,,,,,,,,,,,,,
10/08/2021,,,,,,,,,,,,,,,,,,,,,,,,,,,,,,,,,,,,,,,,,,,,,,,,,,,,,,,,,,,,,,,,,,,,,,,,,,,,,,,,,,,,,,,,,,,,,,,,,,,,,,,,,,,,,,,
11/02/2021,,,,,,,,,,,,,,3153649.0,,,,,,,,,,,,,,,,,,,,,,,,,,,,,,,,,,,,,3803908.0,,,,,,,,,,,,,,,,,,,,,,,,,,,,,,,,,,,,,996.0,,,,,,,,,,,,,,,,,,,,,,,
11/03/2021,,,,,,,,,,,,,,10937930.0,,,,,,,,,,,,,,,,,,,,,,,,,,,,,,,,,,,,,9013952.0,,,,,,,,,,,,,,,,,,,,,,,,,,,,,,,,,,,,,2103.0,,,,,,,,,,,,,,,,,,,,,,,
11/04/2021,,,,,,,,,,,,,,46895781.0,,,,,,,,,,,,,,,,,,,,,,,,,,,,,,,,,,,,,43205152.0,,,,,,,,,,,,,,,,,,,,,,,,,,,,,,,,,,,,,10595.0,,,,,,,,,,,,,,,,,,,,,,,
11/05/2021,,,,,,,,,,,,,,71722365.0,,,,,,,,,,,,,,,,,,,,,,,,,,,,,,,,,,,,,64816275.0,,,,,,,,,,,,,,,,,,,,,,,,,,,,,,,,,,,,,18705.0,,,,,,,,,,,,,,,,,,,,,,,
11/06/2021,,,,,,,,,,,,,,107385721.0,,,,,,,,,,,,,,,,,,,,,,,,,,,,,,,,,,,,,91557487.0,,,,,,,,,,,,,,,,,,,,,,,,,,,,,,,,,,,,,34386.0,,,,,,,,,,,,,,,,,,,,,,,
11/07/2021,,,,,,,,,,,,,,,,,,,,,,,,,,,,,,,,,,,,,,,,,,,,,,,,,,,,,,,,,,,,,,,,,,,,,,,,,,,,,,,,,,,,,,,,,,,,,,,,,,,,,,,,,,,,,,,
11/08/2021,,,,,,,,,,,,,,,,,,,,,,,,,,,,,,,,,,,,,,,,,,,,,,,,,,,,,,,,,,,,,,,,,,,,,,,,,,,,,,,,,,,,,,,,,,,,,,,,,,,,,,,,,,,,,,,
12/02/2021,,,,,,,,,,,,,,3504429.0,,,,,,,,,,,,,,,,,,,,,,,,,,,,,,,,,,,,,3918381.0,,,,,,,,,,,,,,,,,,,,,,,,,,,,,,,,,,,,,1007.0,,,,,,,,,,,,,,,,,,,,,,,
12/03/2021,,,,,,,,,,,,,,11974143.0,,,,,,,,,,,,,,,,,,,,,,,,,,,,,,,,,,,,,9795767.0,,,,,,,,,,,,,,,,,,,,,,,,,,,,,,,,,,,,,2247.0,,,,,,,,,,,,,,,,,,,,,,,
12/04/2021,,,,,,,,,,,,,,48669828.0,,,,,,,,,,,,,,,,,,,,,,,,,,,,,,,,,,,,,44878560.0,,,,,,,,,,,,,,,,,,,,,,,,,,,,,,,,,,,,,11199.0,,,,,,,,,,,,,,,,,,,,,,,
12/05/2021,,,,,,,,,,,,,,72431855.0,,,,,,,,,,,,,,,,,,,,,,,,,,,,,,,,,,,,,65354414.0,,,,,,,,,,,,,,,,,,,,,,,,,,,,,,,,,,,,,18976.0,,,,,,,,,,,,,,,,,,,,,,,
12/06/2021,,,,,,,,,,,,,,109174763.0,,,,,,,,,,,,,,,,,,,,,,,,,,,,,,,,,,,,,92997290.0,,,,,,,,,,,,,,,,,,,,,,,,,,,,,,,,,,,,,35130.0,,,,,,,,,,,,,,,,,,,,,,,
12/07/2021,,,,,,,,,,,,,,,,,,,,,,,,,,,,,,,,,,,,,,,,,,,,,,,,,,,,,,,,,,,,,,,,,,,,,,,,,,,,,,,,,,,,,,,,,,,,,,,,,,,,,,,,,,,,,,,
12/08/2021,,,,,,,,,,,,,,,,,,,,,,,,,,,,,,,,,,,,,,,,,,,,,,,,,,,,,,,,,,,,,,,,,,,,,,,,,,,,,,,,,,,,,,,,,,,,,,,,,,,,,,,,,,,,,,,
13/02/2021,,,,,,,,,,,,,,3684053.0,,,,,,,,,,,,,,,,,,,,,,,,,,,,,,,,,,,,,4002279.0,,,,,,,,,,,,,,,,,,,,,,,,,,,,,,,,,,,,,1020.0,,,,,,,,,,,,,,,,,,,,,,,
13/03/2021,,,,,,,,,,,,,,12747867.0,,,,,,,,,,,,,,,,,,,,,,,,,,,,,,,,,,,,,10409393.0,,,,,,,,,,,,,,,,,,,,,,,,,,,,,,,,,,,,,2342.0,,,,,,,,,,,,,,,,,,,,,,,
13/04/2021,,,,,,,,,,,,,,49885738.0,,,,,,,,,,,,,,,,,,,,,,,,,,,,,,,,,,,,,45926378.0,,,,,,,,,,,,,,,,,,,,,,,,,,,,,,,,,,,,,11498.0,,,,,,,,,,,,,,,,,,,,,,,
13/05/2021,,,,,,,,,,,,,,73161834.0,,,,,,,,,,,,,,,,,,,,,,,,,,,,,,,,,,,,,65906538.0,,,,,,,,,,,,,,,,,,,,,,,,,,,,,,,,,,,,,19218.0,,,,,,,,,,,,,,,,,,,,,,,
13/06/2021,,,,,,,,,,,,,,109979462.0,,,,,,,,,,,,,,,,,,,,,,,,,,,,,,,,,,,,,93690273.0,,,,,,,,,,,,,,,,,,,,,,,,,,,,,,,,,,,,,35396.0,,,,,,,,,,,,,,,,,,,,,,,
13/07/2021,,,,,,,,,,,,,,,,,,,,,,,,,,,,,,,,,,,,,,,,,,,,,,,,,,,,,,,,,,,,,,,,,,,,,,,,,,,,,,,,,,,,,,,,,,,,,,,,,,,,,,,,,,,,,,,
13/08/2021,,,,,,,,,,,,,,,,,,,,,,,,,,,,,,,,,,,,,,,,,,,,,,,,,,,,,,,,,,,,,,,,,,,,,,,,,,,,,,,,,,,,,,,,,,,,,,,,,,,,,,,,,,,,,,,
14/02/2021,,,,,,,,,,,,,,3699535.0,,,,,,,,,,,,,,,,,,,,,,,,,,,,,,,,,,,,,4009812.0,,,,,,,,,,,,,,,,,,,,,,,,,,,,,,,,,,,,,1020.0,,,,,,,,,,,,,,,,,,,,,,,
14/03/2021,,,,,,,,,,,,,,12832126.0,,,,,,,,,,,,,,,,,,,,,,,,,,,,,,,,,,,,,10483269.0,,,,,,,,,,,,,,,,,,,,,,,,,,,,,,,,,,,,,2353.0,,,,,,,,,,,,,,,,,,,,,,,
14/04/2021,,,,,,,,,,,,,,51361929.0,,,,,,,,,,,,,,,,,,,,,,,,,,,,,,,,,,,,,47329847.0,,,,,,,,,,,,,,,,,,,,,,,,,,,,,,,,,,,,,11920.0,,,,,,,,,,,,,,,,,,,,,,,
14/05/2021,,,,,,,,,,,,,,73607113.0,,,,,,,,,,,,,,,,,,,,,,,,,,,,,,,,,,,,,66234957.0,,,,,,,,,,,,,,,,,,,,,,,,,,,,,,,,,,,,,19392.0,,,,,,,,,,,,,,,,,,,,,,,
14/06/2021,,,,,,,,,,,,,,111868784.0,,,,,,,,,,,,,,,,,,,,,,,,,,,,,,,,,,,,,95369557.0,,,,,,,,,,,,,,,,,,,,,,,,,,,,,,,,,,,,,36100.0,,,,,,,,,,,,,,,,,,,,,,,
14/07/2021,,,,,,,,,,,,,,,,,,,,,,,,,,,,,,,,,,,,,,,,,,,,,,,,,,,,,,,,,,,,,,,,,,,,,,,,,,,,,,,,,,,,,,,,,,,,,,,,,,,,,,,,,,,,,,,
14/08/2021,,,,,,,,,,,,,,,,,,,,,,,,,,,,,,,,,,,,,,,,,,,,,,,,,,,,,,,,,,,,,,,,,,,,,,,,,,,,,,,,,,,,,,,,,,,,,,,,,,,,,,,,,,,,,,,
15/02/2021,,,,,,,,,,,,,,3925723.0,,,,,,,,,,,,,,,,,,,,,,,,,,,,,,,,,,,,,4184377.0,,,,,,,,,,,,,,,,,,,,,,,,,,,,,,,,,,,,,1062.0,,,,,,,,,,,,,,,,,,,,,,,
15/03/2021,,,,,,,,,,,,,,14090723.0,,,,,,,,,,,,,,,,,,,,,,,,,,,,,,,,,,,,,11524956.0,,,,,,,,,,,,,,,,,,,,,,,,,,,,,,,,,,,,,2569.0,,,,,,,,,,,,,,,,,,,,,,,
15/04/2021,,,,,,,,,,,,,,52488916.0,,,,,,,,,,,,,,,,,,,,,,,,,,,,,,,,,,,,,48352489.0,,,,,,,,,,,,,,,,,,,,,,,,,,,,,,,,,,,,,12266.0,,,,,,,,,,,,,,,,,,,,,,,
15/05/2021,,,,,,,,,,,,,,74324379.0,,,,,,,,,,,,,,,,,,,,,,,,,,,,,,,,,,,,,66787921.0,,,,,,,,,,,,,,,,,,,,,,,,,,,,,,,,,,,,,19812.0,,,,,,,,,,,,,,,,,,,,,,,
15/06/2021,,,,,,,,,,,,,,113266182.0,,,,,,,,,,,,,,,,,,,,,,,,,,,,,,,,,,,,,96513504.0,,,,,,,,,,,,,,,,,,,,,,,,,,,,,,,,,,,,,36753.0,,,,,,,,,,,,,,,,,,,,,,,
15/07/2021,,,,,,,,,,,,,,,,,,,,,,,,,,,,,,,,,,,,,,,,,,,,,,,,,,,,,,,,,,,,,,,,,,,,,,,,,,,,,,,,,,,,,,,,,,,,,,,,,,,,,,,,,,,,,,,
15/08/2021,,,,,,,,,,,,,,,,,,,,,,,,,,,,,,,,,,,,,,,,,,,,,,,,,,,,,,,,,,,,,,,,,,,,,,,,,,,,,,,,,,,,,,,,,,,,,,,,,,,,,,,,,,,,,,,
16/01/2021,,,,,,,,,,,,,,23757.0,,,,,,,,,,,,,,,,,,,,,,,,,,,,,,,,,,,,,24517.0,,,,,,,,,,,,,,,,,,,,,,,,,,,,,,,,,,,,,2.0,,,,,,,,,,,,,,,,,,,,,,,
16/02/2021,,,,,,,,,,,,,,4044967.0,,,,,,,,,,,,,,,,,,,,,,,,,,,,,,,,,,,,,4291548.0,,,,,,,,,,,,,,,,,,,,,,,,,,,,,,,,,,,,,1085.0,,,,,,,,,,,,,,,,,,,,,,,
16/03/2021,,,,,,,,,,,,,,13993527.0,,,,,,,,,,,,,,,,,,,,,,,,,,,,,,,,,,,,,11713149.0,,,,,,,,,,,,,,,,,,,,,,,,,,,,,,,,,,,,,2581.0,,,,,,,,,,,,,,,,,,,,,,,
16/04/2021,,,,,,,,,,,,,,53575244.0,,,,,,,,,,,,,,,,,,,,,,,,,,,,,,,,,,,,,49339504.0,,,,,,,,,,,,,,,,,,,,,,,,,,,,,,,,,,,,,12548.0,,,,,,,,,,,,,,,,,,,,,,,
16/05/2021,,,,,,,,,,,,,,74693401.0,,,,,,,,,,,,,,,,,,,,,,,,,,,,,,,,,,,,,67050966.0,,,,,,,,,,,,,,,,,,,,,,,,,,,,,,,,,,,,,19968.0,,,,,,,,,,,,,,,,,,,,,,,
16/06/2021,,,,,,,,,,,,,,114978703.0,,,,,,,,,,,,,,,,,,,,,,,,,,,,,,,,,,,,,97929255.0,,,,,,,,,,,,,,,,,,,,,,,,,,,,,,,,,,,,,37394.0,,,,,,,,,,,,,,,,,,,,,,,
16/07/2021,,,,,,,,,,,,,,,,,,,,,,,,,,,,,,,,,,,,,,,,,,,,,,,,,,,,,,,,,,,,,,,,,,,,,,,,,,,,,,,,,,,,,,,,,,,,,,,,,,,,,,,,,,,,,,,
16/08/2021,,,,,,,,,,,,,,,,,,,,,,,,,,,,,,,,,,,,,,,,,,,,,,,,,,,,,,,,,,,,,,,,,,,,,,,,,,,,,,,,,,,,,,,,,,,,,,,,,,,,,,,,,,,,,,,
17/01/2021,,,,,,,,,,,,,,27348.0,,,,,,,,,,,,,,,,,,,,,,,,,,,,,,,,,,,,,31252.0,,,,,,,,,,,,,,,,,,,,,,,,,,,,,,,,,,,,,4.0,,,,,,,,,,,,,,,,,,,,,,,
17/02/2021,,,,,,,,,,,,,,4271486.0,,,,,,,,,,,,,,,,,,,,,,,,,,,,,,,,,,,,,4432078.0,,,,,,,,,,,,,,,,,,,,,,,,,,,,,,,,,,,,,1134.0,,,,,,,,,,,,,,,,,,,,,,,
17/03/2021,,,,,,,,,,,,,,16266085.0,,,,,,,,,,,,,,,,,,,,,,,,,,,,,,,,,,,,,13742026.0,,,,,,,,,,,,,,,,,,,,,,,,,,,,,,,,,,,,,3217.0,,,,,,,,,,,,,,,,,,,,,,,
17/04/2021,,,,,,,,,,,,,,54647827.0,,,,,,,,,,,,,,,,,,,,,,,,,,,,,,,,,,,,,50289664.0,,,,,,,,,,,,,,,,,,,,,,,,,,,,,,,,,,,,,12918.0,,,,,,,,,,,,,,,,,,,,,,,
17/05/2021,,,,,,,,,,,,,,75461311.0,,,,,,,,,,,,,,,,,,,,,,,,,,,,,,,,,,,,,67608590.0,,,,,,,,,,,,,,,,,,,,,,,,,,,,,,,,,,,,,20317.0,,,,,,,,,,,,,,,,,,,,,,,
17/06/2021,,,,,,,,,,,,,,116630688.0,,,,,,,,,,,,,,,,,,,,,,,,,,,,,,,,,,,,,99275854.0,,,,,,,,,,,,,,,,,,,,,,,,,,,,,,,,,,,,,38066.0,,,,,,,,,,,,,,,,,,,,,,,
17/07/2021,,,,,,,,,,,,,,,,,,,,,,,,,,,,,,,,,,,,,,,,,,,,,,,,,,,,,,,,,,,,,,,,,,,,,,,,,,,,,,,,,,,,,,,,,,,,,,,,,,,,,,,,,,,,,,,
18/01/2021,,,,,,,,,,,,,,41361.0,,,,,,,,,,,,,,,,,,,,,,,,,,,,,,,,,,,,,58083.0,,,,,,,,,,,,,,,,,,,,,,,,,,,,,,,,,,,,,5.0,,,,,,,,,,,,,,,,,,,,,,,
18/02/2021,,,,,,,,,,,,,,4509554.0,,,,,,,,,,,,,,,,,,,,,,,,,,,,,,,,,,,,,4351815.0,,,,,,,,,,,,,,,,,,,,,,,,,,,,,,,,,,,,,1122.0,,,,,,,,,,,,,,,,,,,,,,,
18/03/2021,,,,,,,,,,,,,,17311577.0,,,,,,,,,,,,,,,,,,,,,,,,,,,,,,,,,,,,,14637915.0,,,,,,,,,,,,,,,,,,,,,,,,,,,,,,,,,,,,,3443.0,,,,,,,,,,,,,,,,,,,,,,,
18/04/2021,,,,,,,,,,,,,,55151208.0,,,,,,,,,,,,,,,,,,,,,,,,,,,,,,,,,,,,,50732172.0,,,,,,,,,,,,,,,,,,,,,,,,,,,,,,,,,,,,,13050.0,,,,,,,,,,,,,,,,,,,,,,,
18/05/2021,,,,,,,,,,,,,,76142110.0,,,,,,,,,,,,,,,,,,,,,,,,,,,,,,,,,,,,,68107465.0,,,,,,,,,,,,,,,,,,,,,,,,,,,,,,,,,,,,,20625.0,,,,,,,,,,,,,,,,,,,,,,,
18/06/2021,,,,,,,,,,,,,,118293011.0,,,,,,,,,,,,,,,,,,,,,,,,,,,,,,,,,,,,,100624989.0,,,,,,,,,,,,,,,,,,,,,,,,,,,,,,,,,,,,,38863.0,,,,,,,,,,,,,,,,,,,,,,,
18/07/2021,,,,,,,,,,,,,,,,,,,,,,,,,,,,,,,,,,,,,,,,,,,,,,,,,,,,,,,,,,,,,,,,,,,,,,,,,,,,,,,,,,,,,,,,,,,,,,,,,,,,,,,,,,,,,,,
19/01/2021,,,,,,,,,,,,,,81901.0,,,,,,,,,,,,,,,,,,,,,,,,,,,,,,,,,,,,,113613.0,,,,,,,,,,,,,,,,,,,,,,,,,,,,,,,,,,,,,11.0,,,,,,,,,,,,,,,,,,,,,,,
19/02/2021,,,,,,,,,,,,,,4820055.0,,,,,,,,,,,,,,,,,,,,,,,,,,,,,,,,,,,,,4702310.0,,,,,,,,,,,,,,,,,,,,,,,,,,,,,,,,,,,,,1202.0,,,,,,,,,,,,,,,,,,,,,,,
19/03/2021,,,,,,,,,,,,,,18492473.0,,,,,,,,,,,,,,,,,,,,,,,,,,,,,,,,,,,,,15732206.0,,,,,,,,,,,,,,,,,,,,,,,,,,,,,,,,,,,,,3692.0,,,,,,,,,,,,,,,,,,,,,,,
19/04/2021,,,,,,,,,,,,,,56358692.0,,,,,,,,,,,,,,,,,,,,,,,,,,,,,,,,,,,,,51806475.0,,,,,,,,,,,,,,,,,,,,,,,,,,,,,,,,,,,,,13407.0,,,,,,,,,,,,,,,,,,,,,,,
19/05/2021,,,,,,,,,,,,,,76761977.0,,,,,,,,,,,,,,,,,,,,,,,,,,,,,,,,,,,,,68550747.0,,,,,,,,,,,,,,,,,,,,,,,,,,,,,,,,,,,,,20882.0,,,,,,,,,,,,,,,,,,,,,,,
19/06/2021,,,,,,,,,,,,,,120139375.0,,,,,,,,,,,,,,,,,,,,,,,,,,,,,,,,,,,,,102137801.0,,,,,,,,,,,,,,,,,,,,,,,,,,,,,,,,,,,,,39721.0,,,,,,,,,,,,,,,,,,,,,,,
19/07/2021,,,,,,,,,,,,,,,,,,,,,,,,,,,,,,,,,,,,,,,,,,,,,,,,,,,,,,,,,,,,,,,,,,,,,,,,,,,,,,,,,,,,,,,,,,,,,,,,,,,,,,,,,,,,,,,
20/01/2021,,,,,,,,,,,,,,98111.0,,,,,,,,,,,,,,,,,,,,,,,,,,,,,,,,,,,,,153145.0,,,,,,,,,,,,,,,,,,,,,,,,,,,,,,,,,,,,,24.0,,,,,,,,,,,,,,,,,,,,,,,
20/02/2021,,,,,,,,,,,,,,4966750.0,,,,,,,,,,,,,,,,,,,,,,,,,,,,,,,,,,,,,4766532.0,,,,,,,,,,,,,,,,,,,,,,,,,,,,,,,,,,,,,1223.0,,,,,,,,,,,,,,,,,,,,,,,
20/03/2021,,,,,,,,,,,,,,19688923.0,,,,,,,,,,,,,,,,,,,,,,,,,,,,,,,,,,,,,16876137.0,,,,,,,,,,,,,,,,,,,,,,,,,,,,,,,,,,,,,3928.0,,,,,,,,,,,,,,,,,,,,,,,
20/04/2021,,,,,,,,,,,,,,57420010.0,,,,,,,,,,,,,,,,,,,,,,,,,,,,,,,,,,,,,52731510.0,,,,,,,,,,,,,,,,,,,,,,,,,,,,,,,,,,,,,13714.0,,,,,,,,,,,,,,,,,,,,,,,
20/05/2021,,,,,,,,,,,,,,77512357.0,,,,,,,,,,,,,,,,,,,,,,,,,,,,,,,,,,,,,69091006.0,,,,,,,,,,,,,,,,,,,,,,,,,,,,,,,,,,,,,21289.0,,,,,,,,,,,,,,,,,,,,,,,
20/06/2021,,,,,,,,,,,,,,121366817.0,,,,,,,,,,,,,,,,,,,,,,,,,,,,,,,,,,,,,103804672.0,,,,,,,,,,,,,,,,,,,,,,,,,,,,,,,,,,,,,40219.0,,,,,,,,,,,,,,,,,,,,,,,
20/07/2021,,,,,,,,,,,,,,,,,,,,,,,,,,,,,,,,,,,,,,,,,,,,,,,,,,,,,,,,,,,,,,,,,,,,,,,,,,,,,,,,,,,,,,,,,,,,,,,,,,,,,,,,,,,,,,,
21/01/2021,,,,,,,,,,,,,,132784.0,,,,,,,,,,,,,,,,,,,,,,,,,,,,,,,,,,,,,233143.0,,,,,,,,,,,,,,,,,,,,,,,,,,,,,,,,,,,,,38.0,,,,,,,,,,,,,,,,,,,,,,,
21/02/2021,,,,,,,,,,,,,,4982068.0,,,,,,,,,,,,,,,,,,,,,,,,,,,,,,,,,,,,,4773924.0,,,,,,,,,,,,,,,,,,,,,,,,,,,,,,,,,,,,,1225.0,,,,,,,,,,,,,,,,,,,,,,,
21/03/2021,,,,,,,,,,,,,,20053560.0,,,,,,,,,,,,,,,,,,,,,,,,,,,,,,,,,,,,,17245870.0,,,,,,,,,,,,,,,,,,,,,,,,,,,,,,,,,,,,,4028.0,,,,,,,,,,,,,,,,,,,,,,,
21/04/2021,,,,,,,,,,,,,,58217380.0,,,,,,,,,,,,,,,,,,,,,,,,,,,,,,,,,,,,,53441979.0,,,,,,,,,,,,,,,,,,,,,,,,,,,,,,,,,,,,,14002.0,,,,,,,,,,,,,,,,,,,,,,,
21/05/2021,,,,,,,,,,,,,,78248902.0,,,,,,,,,,,,,,,,,,,,,,,,,,,,,,,,,,,,,69623495.0,,,,,,,,,,,,,,,,,,,,,,,,,,,,,,,,,,,,,21579.0,,,,,,,,,,,,,,,,,,,,,,,
21/06/2021,,,,,,,,,,,,,,125704054.0,,,,,,,,,,,,,,,,,,,,,,,,,,,,,,,,,,,,,107542051.0,,,,,,,,,,,,,,,,,,,,,,,,,,,,,,,,,,,,,42702.0,,,,,,,,,,,,,,,,,,,,,,,
21/07/2021,,,,,,,,,,,,,,,,,,,,,,,,,,,,,,,,,,,,,,,,,,,,,,,,,,,,,,,,,,,,,,,,,,,,,,,,,,,,,,,,,,,,,,,,,,,,,,,,,,,,,,,,,,,,,,,
22/01/2021,,,,,,,,,,,,,,193899.0,,,,,,,,,,,,,,,,,,,,,,,,,,,,,,,,,,,,,355402.0,,,,,,,,,,,,,,,,,,,,,,,,,,,,,,,,,,,,,80.0,,,,,,,,,,,,,,,,,,,,,,,
22/02/2021,,,,,,,,,,,,,,5226538.0,,,,,,,,,,,,,,,,,,,,,,,,,,,,,,,,,,,,,4841511.0,,,,,,,,,,,,,,,,,,,,,,,,,,,,,,,,,,,,,1214.0,,,,,,,,,,,,,,,,,,,,,,,
22/03/2021,,,,,,,,,,,,,,21244939.0,,,,,,,,,,,,,,,,,,,,,,,,,,,,,,,,,,,,,18363361.0,,,,,,,,,,,,,,,,,,,,,,,,,,,,,,,,,,,,,4314.0,,,,,,,,,,,,,,,,,,,,,,,
22/04/2021,,,,,,,,,,,,,,59214377.0,,,,,,,,,,,,,,,,,,,,,,,,,,,,,,,,,,,,,54355513.0,,,,,,,,,,,,,,,,,,,,,,,,,,,,,,,,,,,,,14379.0,,,,,,,,,,,,,,,,,,,,,,,
22/05/2021,,,,,,,,,,,,,,79056922.0,,,,,,,,,,,,,,,,,,,,,,,,,,,,,,,,,,,,,70224054.0,,,,,,,,,,,,,,,,,,,,,,,,,,,,,,,,,,,,,21888.0,,,,,,,,,,,,,,,,,,,,,,,
22/06/2021,,,,,,,,,,,,,,128567271.0,,,,,,,,,,,,,,,,,,,,,,,,,,,,,,,,,,,,,110074369.0,,,,,,,,,,,,,,,,,,,,,,,,,,,,,,,,,,,,,43876.0,,,,,,,,,,,,,,,,,,,,,,,
22/07/2021,,,,,,,,,,,,,,,,,,,,,,,,,,,,,,,,,,,,,,,,,,,,,,,,,,,,,,,,,,,,,,,,,,,,,,,,,,,,,,,,,,,,,,,,,,,,,,,,,,,,,,,,,,,,,,,
23/01/2021,,,,,,,,,,,,,,267856.0,,,,,,,,,,,,,,,,,,,,,,,,,,,,,,,,,,,,,491049.0,,,,,,,,,,,,,,,,,,,,,,,,,,,,,,,,,,,,,103.0,,,,,,,,,,,,,,,,,,,,,,,
23/02/2021,,,,,,,,,,,,,,5389434.0,,,,,,,,,,,,,,,,,,,,,,,,,,,,,,,,,,,,,4897627.0,,,,,,,,,,,,,,,,,,,,,,,,,,,,,,,,,,,,,1232.0,,,,,,,,,,,,,,,,,,,,,,,
23/03/2021,,,,,,,,,,,,,,22532413.0,,,,,,,,,,,,,,,,,,,,,,,,,,,,,,,,,,,,,19611896.0,,,,,,,,,,,,,,,,,,,,,,,,,,,,,,,,,,,,,4566.0,,,,,,,,,,,,,,,,,,,,,,,
23/04/2021,,,,,,,,,,,,,,60208977.0,,,,,,,,,,,,,,,,,,,,,,,,,,,,,,,,,,,,,55237448.0,,,,,,,,,,,,,,,,,,,,,,,,,,,,,,,,,,,,,14777.0,,,,,,,,,,,,,,,,,,,,,,,
23/05/2021,,,,,,,,,,,,,,79574984.0,,,,,,,,,,,,,,,,,,,,,,,,,,,,,,,,,,,,,70583303.0,,,,,,,,,,,,,,,,,,,,,,,,,,,,,,,,,,,,,22121.0,,,,,,,,,,,,,,,,,,,,,,,
23/06/2021,,,,,,,,,,,,,,131919150.0,,,,,,,,,,,,,,,,,,,,,,,,,,,,,,,,,,,,,112980429.0,,,,,,,,,,,,,,,,,,,,,,,,,,,,,,,,,,,,,45301.0,,,,,,,,,,,,,,,,,,,,,,,
23/07/2021,,,,,,,,,,,,,,,,,,,,,,,,,,,,,,,,,,,,,,,,,,,,,,,,,,,,,,,,,,,,,,,,,,,,,,,,,,,,,,,,,,,,,,,,,,,,,,,,,,,,,,,,,,,,,,,
24/01/2021,,,,,,,,,,,,,,296283.0,,,,,,,,,,,,,,,,,,,,,,,,,,,,,,,,,,,,,538647.0,,,,,,,,,,,,,,,,,,,,,,,,,,,,,,,,,,,,,128.0,,,,,,,,,,,,,,,,,,,,,,,
24/02/2021,,,,,,,,,,,,,,5558978.0,,,,,,,,,,,,,,,,,,,,,,,,,,,,,,,,,,,,,4957351.0,,,,,,,,,,,,,,,,,,,,,,,,,,,,,,,,,,,,,1239.0,,,,,,,,,,,,,,,,,,,,,,,
24/03/2021,,,,,,,,,,,,,,23602891.0,,,,,,,,,,,,,,,,,,,,,,,,,,,,,,,,,,,,,20642500.0,,,,,,,,,,,,,,,,,,,,,,,,,,,,,,,,,,,,,4800.0,,,,,,,,,,,,,,,,,,,,,,,
24/04/2021,,,,,,,,,,,,,,61078797.0,,,,,,,,,,,,,,,,,,,,,,,,,,,,,,,,,,,,,56011474.0,,,,,,,,,,,,,,,,,,,,,,,,,,,,,,,,,,,,,15072.0,,,,,,,,,,,,,,,,,,,,,,,
24/05/2021,,,,,,,,,,,,,,80889623.0,,,,,,,,,,,,,,,,,,,,,,,,,,,,,,,,,,,,,71526736.0,,,,,,,,,,,,,,,,,,,,,,,,,,,,,,,,,,,,,22685.0,,,,,,,,,,,,,,,,,,,,,,,
24/06/2021,,,,,,,,,,,,,,134941971.0,,,,,,,,,,,,,,,,,,,,,,,,,,,,,,,,,,,,,115668447.0,,,,,,,,,,,,,,,,,,,,,,,,,,,,,,,,,,,,,46462.0,,,,,,,,,,,,,,,,,,,,,,,
24/07/2021,,,,,,,,,,,,,,,,,,,,,,,,,,,,,,,,,,,,,,,,,,,,,,,,,,,,,,,,,,,,,,,,,,,,,,,,,,,,,,,,,,,,,,,,,,,,,,,,,,,,,,,,,,,,,,,
25/01/2021,,,,,,,,,,,,,,444137.0,,,,,,,,,,,,,,,,,,,,,,,,,,,,,,,,,,,,,832766.0,,,,,,,,,,,,,,,,,,,,,,,,,,,,,,,,,,,,,201.0,,,,,,,,,,,,,,,,,,,,,,,
25/02/2021,,,,,,,,,,,,,,5799474.0,,,,,,,,,,,,,,,,,,,,,,,,,,,,,,,,,,,,,5045426.0,,,,,,,,,,,,,,,,,,,,,,,,,,,,,,,,,,,,,1292.0,,,,,,,,,,,,,,,,,,,,,,,
25/03/2021,,,,,,,,,,,,,,24744845.0,,,,,,,,,,,,,,,,,,,,,,,,,,,,,,,,,,,,,21704739.0,,,,,,,,,,,,,,,,,,,,,,,,,,,,,,,,,,,,,5116.0,,,,,,,,,,,,,,,,,,,,,,,
25/04/2021,,,,,,,,,,,,,,61442119.0,,,,,,,,,,,,,,,,,,,,,,,,,,,,,,,,,,,,,56337692.0,,,,,,,,,,,,,,,,,,,,,,,,,,,,,,,,,,,,,15197.0,,,,,,,,,,,,,,,,,,,,,,,
25/05/2021,,,,,,,,,,,,,,82032580.0,,,,,,,,,,,,,,,,,,,,,,,,,,,,,,,,,,,,,72328742.0,,,,,,,,,,,,,,,,,,,,,,,,,,,,,,,,,,,,,23142.0,,,,,,,,,,,,,,,,,,,,,,,
25/06/2021,,,,,,,,,,,,,,,,,,,,,,,,,,,,,,,,,,,,,,,,,,,,,,,,,,,,,,,,,,,,,,,,,,,,,,,,,,,,,,,,,,,,,,,,,,,,,,,,,,,,,,,,,,,,,,,
25/07/2021,,,,,,,,,,,,,,,,,,,,,,,,,,,,,,,,,,,,,,,,,,,,,,,,,,,,,,,,,,,,,,,,,,,,,,,,,,,,,,,,,,,,,,,,,,,,,,,,,,,,,,,,,,,,,,,
26/01/2021,,,,,,,,,,,,,,449119.0,,,,,,,,,,,,,,,,,,,,,,,,,,,,,,,,,,,,,844448.0,,,,,,,,,,,,,,,,,,,,,,,,,,,,,,,,,,,,,217.0,,,,,,,,,,,,,,,,,,,,,,,
26/02/2021,,,,,,,,,,,,,,6008758.0,,,,,,,,,,,,,,,,,,,,,,,,,,,,,,,,,,,,,5131299.0,,,,,,,,,,,,,,,,,,,,,,,,,,,,,,,,,,,,,1318.0,,,,,,,,,,,,,,,,,,,,,,,
26/03/2021,,,,,,,,,,,,,,25911744.0,,,,,,,,,,,,,,,,,,,,,,,,,,,,,,,,,,,,,22832194.0,,,,,,,,,,,,,,,,,,,,,,,,,,,,,,,,,,,,,5375.0,,,,,,,,,,,,,,,,,,,,,,,
26/04/2021,,,,,,,,,,,,,,62534884.0,,,,,,,,,,,,,,,,,,,,,,,,,,,,,,,,,,,,,57335805.0,,,,,,,,,,,,,,,,,,,,,,,,,,,,,,,,,,,,,15563.0,,,,,,,,,,,,,,,,,,,,,,,
26/05/2021,,,,,,,,,,,,,,83084097.0,,,,,,,,,,,,,,,,,,,,,,,,,,,,,,,,,,,,,73082037.0,,,,,,,,,,,,,,,,,,,,,,,,,,,,,,,,,,,,,23507.0,,,,,,,,,,,,,,,,,,,,,,,
26/06/2021,,,,,,,,,,,,,,,,,,,,,,,,,,,,,,,,,,,,,,,,,,,,,,,,,,,,,,,,,,,,,,,,,,,,,,,,,,,,,,,,,,,,,,,,,,,,,,,,,,,,,,,,,,,,,,,
26/07/2021,,,,,,,,,,,,,,,,,,,,,,,,,,,,,,,,,,,,,,,,,,,,,,,,,,,,,,,,,,,,,,,,,,,,,,,,,,,,,,,,,,,,,,,,,,,,,,,,,,,,,,,,,,,,,,,
27/01/2021,,,,,,,,,,,,,,586081.0,,,,,,,,,,,,,,,,,,,,,,,,,,,,,,,,,,,,,1140137.0,,,,,,,,,,,,,,,,,,,,,,,,,,,,,,,,,,,,,272.0,,,,,,,,,,,,,,,,,,,,,,,
27/02/2021,,,,,,,,,,,,,,6008785.0,,,,,,,,,,,,,,,,,,,,,,,,,,,,,,,,,,,,,5131323.0,,,,,,,,,,,,,,,,,,,,,,,,,,,,,,,,,,,,,1318.0,,,,,,,,,,,,,,,,,,,,,,,
27/03/2021,,,,,,,,,,,,,,26976551.0,,,,,,,,,,,,,,,,,,,,,,,,,,,,,,,,,,,,,23883153.0,,,,,,,,,,,,,,,,,,,,,,,,,,,,,,,,,,,,,5612.0,,,,,,,,,,,,,,,,,,,,,,,
27/04/2021,,,,,,,,,,,,,,63266613.0,,,,,,,,,,,,,,,,,,,,,,,,,,,,,,,,,,,,,57980903.0,,,,,,,,,,,,,,,,,,,,,,,,,,,,,,,,,,,,,15771.0,,,,,,,,,,,,,,,,,,,,,,,
27/05/2021,,,,,,,,,,,,,,84683042.0,,,,,,,,,,,,,,,,,,,,,,,,,,,,,,,,,,,,,74299145.0,,,,,,,,,,,,,,,,,,,,,,,,,,,,,,,,,,,,,24172.0,,,,,,,,,,,,,,,,,,,,,,,
27/06/2021,,,,,,,,,,,,,,,,,,,,,,,,,,,,,,,,,,,,,,,,,,,,,,,,,,,,,,,,,,,,,,,,,,,,,,,,,,,,,,,,,,,,,,,,,,,,,,,,,,,,,,,,,,,,,,,
27/07/2021,,,,,,,,,,,,,,,,,,,,,,,,,,,,,,,,,,,,,,,,,,,,,,,,,,,,,,,,,,,,,,,,,,,,,,,,,,,,,,,,,,,,,,,,,,,,,,,,,,,,,,,,,,,,,,,
28/01/2021,,,,,,,,,,,,,,771229.0,,,,,,,,,,,,,,,,,,,,,,,,,,,,,,,,,,,,,1523939.0,,,,,,,,,,,,,,,,,,,,,,,,,,,,,,,,,,,,,323.0,,,,,,,,,,,,,,,,,,,,,,,
28/02/2021,,,,,,,,,,,,,,6008960.0,,,,,,,,,,,,,,,,,,,,,,,,,,,,,,,,,,,,,5131373.0,,,,,,,,,,,,,,,,,,,,,,,,,,,,,,,,,,,,,1318.0,,,,,,,,,,,,,,,,,,,,,,,
28/03/2021,,,,,,,,,,,,,,27137004.0,,,,,,,,,,,,,,,,,,,,,,,,,,,,,,,,,,,,,24036939.0,,,,,,,,,,,,,,,,,,,,,,,,,,,,,,,,,,,,,5644.0,,,,,,,,,,,,,,,,,,,,,,,
28/04/2021,,,,,,,,,,,,,,63938524.0,,,,,,,,,,,,,,,,,,,,,,,,,,,,,,,,,,,,,58583701.0,,,,,,,,,,,,,,,,,,,,,,,,,,,,,,,,,,,,,15954.0,,,,,,,,,,,,,,,,,,,,,,,
28/05/2021,,,,,,,,,,,,,,86374510.0,,,,,,,,,,,,,,,,,,,,,,,,,,,,,,,,,,,,,75552353.0,,,,,,,,,,,,,,,,,,,,,,,,,,,,,,,,,,,,,24850.0,,,,,,,,,,,,,,,,,,,,,,,
28/06/2021,,,,,,,,,,,,,,,,,,,,,,,,,,,,,,,,,,,,,,,,,,,,,,,,,,,,,,,,,,,,,,,,,,,,,,,,,,,,,,,,,,,,,,,,,,,,,,,,,,,,,,,,,,,,,,,
28/07/2021,,,,,,,,,,,,,,,,,,,,,,,,,,,,,,,,,,,,,,,,,,,,,,,,,,,,,,,,,,,,,,,,,,,,,,,,,,,,,,,,,,,,,,,,,,,,,,,,,,,,,,,,,,,,,,,
29/01/2021,,,,,,,,,,,,,,939069.0,,,,,,,,,,,,,,,,,,,,,,,,,,,,,,,,,,,,,1875368.0,,,,,,,,,,,,,,,,,,,,,,,,,,,,,,,,,,,,,366.0,,,,,,,,,,,,,,,,,,,,,,,
29/03/2021,,,,,,,,,,,,,,27427546.0,,,,,,,,,,,,,,,,,,,,,,,,,,,,,,,,,,,,,24341025.0,,,,,,,,,,,,,,,,,,,,,,,,,,,,,,,,,,,,,5718.0,,,,,,,,,,,,,,,,,,,,,,,
29/04/2021,,,,,,,,,,,,,,64611787.0,,,,,,,,,,,,,,,,,,,,,,,,,,,,,,,,,,,,,59183960.0,,,,,,,,,,,,,,,,,,,,,,,,,,,,,,,,,,,,,16161.0,,,,,,,,,,,,,,,,,,,,,,,
29/05/2021,,,,,,,,,,,,,,88027641.0,,,,,,,,,,,,,,,,,,,,,,,,,,,,,,,,,,,,,76750999.0,,,,,,,,,,,,,,,,,,,,,,,,,,,,,,,,,,,,,25455.0,,,,,,,,,,,,,,,,,,,,,,,
29/06/2021,,,,,,,,,,,,,,,,,,,,,,,,,,,,,,,,,,,,,,,,,,,,,,,,,,,,,,,,,,,,,,,,,,,,,,,,,,,,,,,,,,,,,,,,,,,,,,,,,,,,,,,,,,,,,,,
29/07/2021,,,,,,,,,,,,,,,,,,,,,,,,,,,,,,,,,,,,,,,,,,,,,,,,,,,,,,,,,,,,,,,,,,,,,,,,,,,,,,,,,,,,,,,,,,,,,,,,,,,,,,,,,,,,,,,
30/01/2021,,,,,,,,,,,,,,1022380.0,,,,,,,,,,,,,,,,,,,,,,,,,,,,,,,,,,,,,2044950.0,,,,,,,,,,,,,,,,,,,,,,,,,,,,,,,,,,,,,406.0,,,,,,,,,,,,,,,,,,,,,,,
30/03/2021,,,,,,,,,,,,,,28257441.0,,,,,,,,,,,,,,,,,,,,,,,,,,,,,,,,,,,,,25165987.0,,,,,,,,,,,,,,,,,,,,,,,,,,,,,,,,,,,,,5928.0,,,,,,,,,,,,,,,,,,,,,,,
30/04/2021,,,,,,,,,,,,,,65445771.0,,,,,,,,,,,,,,,,,,,,,,,,,,,,,,,,,,,,,59914751.0,,,,,,,,,,,,,,,,,,,,,,,,,,,,,,,,,,,,,16430.0,,,,,,,,,,,,,,,,,,,,,,,
30/05/2021,,,,,,,,,,,,,,88619604.0,,,,,,,,,,,,,,,,,,,,,,,,,,,,,,,,,,,,,77177776.0,,,,,,,,,,,,,,,,,,,,,,,,,,,,,,,,,,,,,25624.0,,,,,,,,,,,,,,,,,,,,,,,
30/06/2021,,,,,,,,,,,,,,,,,,,,,,,,,,,,,,,,,,,,,,,,,,,,,,,,,,,,,,,,,,,,,,,,,,,,,,,,,,,,,,,,,,,,,,,,,,,,,,,,,,,,,,,,,,,,,,,
30/07/2021,,,,,,,,,,,,,,,,,,,,,,,,,,,,,,,,,,,,,,,,,,,,,,,,,,,,,,,,,,,,,,,,,,,,,,,,,,,,,,,,,,,,,,,,,,,,,,,,,,,,,,,,,,,,,,,
31/01/2021,,,,,,,,,,,,,,1061307.0,,,,,,,,,,,,,,,,,,,,,,,,,,,,,,,,,,,,,2065391.0,,,,,,,,,,,,,,,,,,,,,,,,,,,,,,,,,,,,,409.0,,,,,,,,,,,,,,,,,,,,,,,
31/03/2021,,,,,,,,,,,,,,29151242.0,,,,,,,,,,,,,,,,,,,,,,,,,,,,,,,,,,,,,26031409.0,,,,,,,,,,,,,,,,,,,,,,,,,,,,,,,,,,,,,6152.0,,,,,,,,,,,,,,,,,,,,,,,
31/05/2021,,,,,,,,,,,,,,90095606.0,,,,,,,,,,,,,,,,,,,,,,,,,,,,,,,,,,,,,78271582.0,,,,,,,,,,,,,,,,,,,,,,,,,,,,,,,,,,,,,26337.0,,,,,,,,,,,,,,,,,,,,,,,
31/07/2021,,,,,,,,,,,,,,,,,,,,,,,,,,,,,,,,,,,,,,,,,,,,,,,,,,,,,,,,,,,,,,,,,,,,,,,,,,,,,,,,,,,,,,,,,,,,,,,,,,,,,,,,,,,,,,,
